order_id,quantity,item_id,choice_description_id,item_price
1,1,1,1,$3.39 
1,1,2,2,$3.39 
2,2,4,3,$16.98 
4,1,7,6,$9.25 
6,1,9,8,$8.75 
6,1,10,9,$8.75 
7,1,4,10,$11.25 
9,1,11,12,$8.49 
10,1,8,0,$4.45 
11,1,2,16,$3.39 
12,1,1,18,$3.39 
13,1,0,0,$2.39 
13,1,4,19,$8.49 
15,1,11,22,$8.49 
15,1,3,0,$2.39 
16,1,5,0,$1.69 
17,1,15,24,$8.99 
17,1,16,0,$1.09 
18,1,17,0,$2.95 
19,1,18,27,$11.75 
20,1,8,0,$4.45 
20,1,4,28,$11.25 
20,1,6,29,$11.75 
20,1,20,30,$8.75 
21,1,6,32,$8.99 
21,1,1,33,$3.39 
22,1,6,34,$8.99 
23,2,12,36,$2.18 
24,1,11,37,$10.98 
26,1,22,39,$9.25 
27,1,18,27,$11.75 
27,1,19,0,$2.15 
28,1,8,0,$4.45 
29,1,6,24,$8.99 
30,1,1,33,$3.39 
30,1,6,45,$8.99 
31,1,6,46,$8.99 
33,1,8,0,$4.45 
34,1,10,49,$8.75 
34,1,4,50,$8.75 
35,1,19,0,$2.15 
38,1,16,0,$1.09 
40,1,21,59,$11.75 
40,1,21,60,$11.75 
41,1,14,62,$11.75 
43,1,15,64,$11.75 
44,1,4,66,$8.75 
44,1,8,0,$4.45 
45,1,6,67,$8.99 
46,1,23,68,$8.49 
46,1,2,69,$3.39 
47,1,6,70,$8.99 
47,1,12,21,$1.09 
49,1,8,0,$4.45 
50,1,3,0,$2.39 
51,1,12,75,$1.09 
53,1,13,78,$9.25 
54,1,4,79,$11.25 
54,1,8,0,$4.45 
55,1,12,80,$1.09 
56,1,18,81,$9.25 
56,1,8,0,$4.45 
57,1,13,82,$11.75 
57,1,8,0,$4.45 
59,1,11,83,$10.98 
60,2,20,84,$22.50 
62,1,4,85,$11.25 
62,1,8,0,$4.45 
63,1,8,0,$4.45 
64,1,4,64,$11.25 
65,1,13,88,$11.75 
65,1,8,0,$4.45 
66,1,6,90,$11.48 
67,2,6,44,$17.98 
69,1,11,22,$8.49 
69,1,3,0,$2.39 
71,1,8,0,$4.45 
71,1,24,92,$11.25 
71,1,6,93,$11.75 
72,1,11,94,$10.98 
73,2,12,97,$2.18 
74,1,15,98,$11.48 
74,1,24,99,$8.49 
75,1,11,100,$11.25 
76,1,11,103,$8.49 
77,1,11,47,$8.49 
78,1,7,105,$8.99 
81,1,11,107,$8.49 
81,1,12,80,$1.09 
81,1,12,21,$1.09 
82,1,22,108,$9.25 
82,1,4,109,$8.75 
82,1,0,0,$2.95 
83,1,8,0,$4.45 
84,1,21,111,$11.48 
84,1,11,113,$8.49 
85,1,6,114,$8.99 
86,1,24,115,$11.25 
86,1,4,116,$8.75 
88,1,11,22,$8.49 
89,1,4,117,$10.98 
90,1,11,118,$11.25 
91,1,11,47,$8.49 
92,1,4,121,$8.75 
92,1,21,122,$9.25 
93,1,4,27,$11.25 
94,2,20,124,$22.50 
95,1,21,125,$11.75 
96,2,9,126,$17.50 
96,1,4,127,$8.75 
98,2,19,0,$4.30 
99,1,23,130,$11.25 
99,1,19,0,$2.15 
100,1,6,46,$8.99 
100,1,12,36,$1.09 
101,1,6,131,$8.99 
101,1,8,0,$3.99 
102,1,17,0,$2.95 
103,2,17,0,$5.90 
104,1,14,58,$9.25 
104,1,0,0,$2.95 
105,2,11,72,$17.50 
106,1,11,135,$8.75 
108,1,6,138,$8.99 
108,1,12,21,$1.09 
108,1,12,36,$1.09 
108,1,13,139,$8.99 
109,1,12,75,$1.09 
110,1,4,128,$8.75 
111,1,20,142,$8.75 
114,1,21,144,$11.75 
114,1,33,145,$1.25 
116,1,7,121,$9.25 
119,1,11,149,$8.49 
120,1,5,0,$1.69 
122,1,5,0,$1.69 
123,2,34,130,$23.78 
124,1,4,116,$8.75 
125,1,21,154,$9.25 
125,1,24,155,$8.75 
127,1,33,13,$1.25 
128,1,7,110,$9.25 
128,1,8,0,$4.45 
128,1,28,158,$11.25 
129,1,6,159,$11.75 
129,1,6,159,$11.75 
130,1,7,160,$8.99 
130,1,36,0,$2.39 
132,1,4,162,$11.25 
132,1,4,51,$8.75 
133,1,21,46,$8.99 
133,1,5,0,$1.69 
134,1,11,133,$11.25 
134,1,19,0,$2.15 
136,1,10,164,$8.49 
137,2,20,166,$17.50 
139,1,4,168,$8.75 
139,1,33,145,$1.25 
139,1,19,0,$2.15 
140,1,6,169,$11.08 
141,1,11,170,$8.49 
141,1,10,171,$8.49 
142,1,6,172,$8.99 
142,1,0,0,$2.39 
143,1,16,0,$1.50 
144,1,19,0,$2.15 
148,1,11,119,$8.75 
148,1,35,97,$6.49 
149,1,0,0,$2.95 
149,1,8,0,$4.45 
149,1,33,179,$1.25 
150,1,4,180,$8.49 
150,1,36,0,$2.39 
151,1,11,150,$8.49 
151,2,12,80,$2.18 
152,2,6,169,$22.16 
153,2,10,61,$17.50 
154,1,11,181,$8.75 
154,1,26,0,$2.95 
155,1,1,33,$3.39 
155,1,1,18,$3.39 
156,1,11,184,$8.49 
157,1,11,133,$11.25 
159,1,11,186,$11.25 
163,1,16,0,$1.50 
164,1,6,46,$8.99 
165,1,4,59,$11.25 
165,1,33,145,$1.25 
166,1,19,0,$2.15 
167,1,5,0,$1.69 
168,1,21,133,$11.75 
169,1,7,110,$9.25 
171,1,23,192,$11.25 
171,1,8,0,$4.45 
172,1,13,194,$8.99 
173,1,15,195,$8.99 
175,1,6,59,$11.75 
176,1,31,197,$9.25 
176,1,8,0,$4.45 
178,3,4,198,$32.94 
180,1,21,199,$11.48 
180,1,12,21,$1.09 
181,2,4,55,$17.50 
182,1,8,0,$4.45 
183,1,10,142,$8.75 
183,1,6,181,$9.25 
184,1,11,122,$8.75 
184,1,0,0,$2.95 
186,1,10,204,$10.98 
186,1,21,205,$11.48 
186,1,27,206,$11.48 
187,1,6,44,$8.99 
187,1,5,0,$1.69 
188,1,15,24,$8.99 
188,1,12,80,$1.09 
189,1,2,16,$3.39 
190,1,25,208,$8.99 
190,1,12,21,$1.09 
191,1,10,71,$8.75 
192,1,11,209,$11.25 
192,1,26,0,$2.95 
193,3,37,211,$22.20 
194,1,6,12,$8.99 
195,1,11,63,$8.75 
195,1,31,203,$9.25 
195,1,4,162,$11.25 
196,1,4,43,$8.75 
196,1,11,214,$11.25 
196,1,0,0,$2.95 
197,1,5,0,$1.69 
199,1,4,216,$8.75 
199,1,8,0,$4.45 
202,1,18,219,$11.48 
202,1,12,75,$1.09 
203,1,10,52,$11.25 
203,1,16,0,$1.50 
204,1,11,220,$10.58 
204,1,5,0,$1.69 
205,1,14,132,$9.25 
205,1,23,27,$11.25 
205,1,4,200,$8.75 
205,1,6,72,$9.25 
205,1,11,41,$8.75 
205,1,11,121,$8.75 
206,1,21,10,$11.75 
206,1,8,0,$4.45 
207,1,7,222,$9.25 
207,1,8,0,$4.45 
208,1,23,224,$8.49 
209,1,21,225,$9.25 
210,1,13,227,$9.25 
211,1,6,228,$11.75 
211,1,10,52,$11.25 
212,2,15,27,$23.50 
212,1,33,145,$1.25 
213,1,4,229,$8.49 
214,1,38,230,$7.40 
215,1,24,232,$8.75 
215,1,19,0,$2.15 
217,1,38,233,$7.40 
217,1,39,234,$7.40 
217,1,39,235,$7.40 
218,1,8,0,$3.99 
219,1,21,194,$8.99 
221,1,20,239,$8.75 
221,1,20,181,$8.75 
222,1,11,240,$11.25 
224,1,8,0,$3.99 
225,1,15,242,$9.25 
225,1,6,243,$9.25 
225,2,16,0,$3.00 
225,1,33,97,$1.25 
226,1,13,244,$9.25 
227,1,4,215,$8.75 
229,2,6,169,$22.16 
230,1,6,247,$9.25 
231,1,24,226,$11.25 
231,1,19,0,$2.15 
231,1,21,51,$9.25 
231,1,8,0,$4.45 
232,1,13,248,$9.25 
232,1,30,0,$2.95 
233,1,11,250,$8.75 
233,1,33,97,$1.25 
233,1,33,97,$1.25 
234,1,20,166,$8.75 
234,1,8,0,$4.45 
235,1,13,256,$11.75 
236,1,6,176,$9.25 
237,1,3,0,$2.39 
237,1,1,18,$3.39 
239,1,4,28,$11.25 
240,1,20,166,$8.75 
240,1,13,259,$9.25 
241,1,11,260,$10.98 
242,1,31,248,$9.25 
243,2,20,261,$22.50 
244,1,18,141,$9.25 
245,1,21,205,$11.48 
246,1,4,262,$8.49 
246,1,5,0,$1.69 
247,2,2,69,$6.78 
248,1,13,264,$11.75 
248,1,8,0,$4.45 
250,1,34,266,$11.89 
251,1,11,212,$8.75 
252,1,22,108,$9.25 
252,1,11,109,$8.75 
253,2,34,87,$23.78 
254,1,4,269,$8.75 
254,1,33,97,$1.25 
255,1,8,0,$3.99 
256,1,11,270,$10.98 
258,1,8,0,$4.45 
260,1,8,0,$3.99 
261,2,20,271,$22.50 
262,1,11,272,$11.25 
263,1,11,135,$8.75 
265,1,11,48,$8.75 
265,1,10,273,$8.75 
265,1,8,0,$4.45 
266,1,24,217,$8.49 
267,1,6,46,$8.99 
268,1,29,0,$2.39 
269,1,5,0,$1.69 
270,1,14,58,$9.25 
271,2,4,91,$17.50 
272,1,8,0,$4.45 
273,1,6,276,$11.75 
273,1,11,277,$8.75 
275,1,23,217,$8.49 
275,1,8,0,$3.99 
276,1,41,274,$8.99 
276,1,21,99,$8.99 
276,1,31,278,$8.99 
277,1,4,162,$11.25 
278,1,8,0,$3.99 
278,1,11,37,$10.98 
279,1,42,0,$3.00 
279,1,8,0,$4.00 
280,1,24,217,$8.49 
280,1,8,0,$3.99 
281,1,8,0,$4.45 
282,1,11,281,$11.25 
282,1,33,145,$1.25 
282,1,33,145,$1.25 
283,1,11,283,$11.25 
283,1,19,0,$2.15 
284,1,4,10,$11.25 
287,1,6,95,$8.99 
287,2,12,80,$2.18 
288,2,12,80,$2.18 
289,1,20,286,$8.75 
290,1,16,0,$1.50 
290,1,4,86,$11.25 
291,1,6,142,$9.25 
291,1,30,0,$2.95 
291,1,33,179,$1.25 
292,1,23,217,$8.49 
292,1,8,0,$3.99 
293,1,6,287,$11.48 
294,1,8,0,$3.99 
296,1,5,0,$1.69 
297,1,33,145,$1.25 
301,1,6,294,$8.69 
301,1,25,295,$8.69 
301,1,0,0,$2.29 
302,1,23,217,$8.49 
303,1,11,216,$8.75 
305,1,6,248,$9.25 
306,1,13,296,$11.75 
307,1,8,0,$3.99 
307,1,23,297,$8.49 
308,1,11,283,$11.25 
308,1,19,0,$2.15 
310,1,5,0,$1.69 
311,1,8,0,$3.99 
311,1,31,300,$8.99 
312,1,21,201,$9.25 
313,1,38,301,$7.40 
314,1,23,259,$8.75 
317,1,14,282,$11.75 
317,1,9,282,$11.25 
317,1,33,145,$1.25 
318,1,8,0,$3.99 
319,1,4,304,$8.49 
320,1,4,51,$8.75 
321,1,11,306,$8.49 
321,1,12,97,$1.09 
322,1,43,307,$8.75 
323,1,21,173,$9.25 
323,1,19,0,$2.15 
324,1,11,188,$11.25 
325,1,8,0,$4.45 
325,2,33,145,$2.50 
326,2,8,0,$8.90 
326,1,11,308,$8.75 
326,1,4,310,$8.75 
329,1,11,314,$10.98 
329,1,8,0,$3.99 
330,1,5,0,$1.69 
333,1,17,0,$2.95 
334,1,6,127,$9.25 
335,1,8,0,$3.99 
335,1,23,297,$8.49 
336,1,11,318,$8.75 
336,1,4,49,$8.75 
338,1,4,319,$10.98 
338,1,12,80,$1.09 
340,1,8,0,$4.45 
341,1,21,322,$11.08 
342,1,8,0,$3.99 
343,1,27,324,$9.25 
343,1,9,121,$8.75 
344,1,14,327,$8.99 
344,1,11,236,$8.49 
345,1,4,72,$8.75 
345,1,8,0,$4.45 
346,1,30,0,$2.95 
346,1,21,247,$9.25 
347,1,8,0,$4.45 
348,2,24,330,$16.98 
349,1,0,0,$2.39 
350,3,33,13,$3.75 
351,1,15,332,$9.25 
351,1,8,0,$4.45 
352,1,13,334,$9.25 
352,1,8,0,$4.45 
354,1,11,212,$8.75 
355,1,6,338,$9.25 
356,1,6,340,$8.99 
357,2,20,341,$22.50 
358,1,9,282,$11.25 
359,1,33,97,$1.25 
360,1,4,88,$11.25 
361,1,23,343,$11.25 
361,1,16,0,$1.50 
363,1,13,63,$9.25 
363,1,35,145,$6.49 
364,1,4,346,$8.75 
366,1,6,55,$9.25 
367,1,13,348,$11.75 
368,1,4,349,$8.49 
369,1,41,262,$8.99 
370,1,11,346,$8.75 
371,1,5,0,$1.69 
372,1,21,28,$11.75 
372,1,4,116,$8.75 
373,1,24,351,$11.25 
374,1,13,352,$11.75 
377,2,21,354,$17.98 
378,1,11,12,$8.49 
378,1,5,0,$1.69 
379,1,6,115,$11.75 
379,1,4,115,$11.25 
379,3,33,179,$3.75 
379,1,25,355,$9.25 
380,1,4,318,$8.75 
380,1,16,0,$1.50 
381,1,10,357,$8.49 
383,1,4,346,$8.75 
383,1,8,0,$4.45 
384,1,4,153,$8.75 
384,1,19,0,$2.15 
384,1,4,142,$8.75 
386,1,24,360,$8.49 
386,1,4,180,$8.49 
387,1,11,337,$8.75 
387,1,6,361,$11.75 
387,1,6,362,$11.75 
388,1,6,363,$8.99 
388,1,16,0,$1.09 
389,1,4,168,$8.75 
389,1,9,267,$8.75 
389,1,0,0,$2.95 
389,1,19,0,$2.15 
390,1,8,0,$3.99 
391,1,8,0,$3.99 
393,1,6,257,$8.99 
394,1,14,259,$9.25 
394,1,28,303,$8.75 
395,1,0,0,$2.39 
396,1,10,366,$11.25 
397,1,6,153,$9.25 
398,1,10,188,$11.25 
398,1,16,0,$1.50 
399,1,8,0,$3.99 
400,1,14,55,$9.25 
400,1,4,368,$11.25 
402,1,4,212,$8.75 
403,1,3,0,$2.39 
404,1,11,191,$11.25 
404,1,15,370,$9.25 
404,1,19,0,$2.15 
405,1,11,371,$11.25 
406,1,22,372,$11.75 
407,1,6,298,$11.75 
408,1,33,145,$1.25 
409,1,4,374,$8.49 
410,1,11,376,$8.75 
410,1,33,97,$1.25 
411,1,4,378,$8.49 
412,1,4,379,$8.75 
412,1,8,0,$4.45 
413,1,9,344,$11.25 
413,1,33,145,$1.25 
414,1,3,0,$2.39 
415,1,21,382,$9.25 
415,1,8,0,$4.45 
416,1,4,291,$8.75 
418,2,4,384,$17.50 
419,1,27,385,$8.99 
422,1,35,13,$6.49 
425,1,18,63,$9.25 
425,1,8,0,$4.45 
426,1,4,201,$8.75 
428,1,21,390,$11.75 
428,1,19,0,$2.15 
430,1,4,393,$8.75 
430,1,33,97,$1.25 
431,1,11,283,$11.25 
431,1,19,0,$2.15 
431,1,33,13,$1.25 
432,1,11,394,$8.75 
432,1,35,145,$6.49 
433,1,21,95,$8.99 
435,1,11,397,$10.98 
435,1,12,36,$1.09 
436,1,4,374,$8.49 
437,1,33,97,$1.25 
438,1,14,398,$11.48 
439,1,32,400,$10.98 
439,1,4,401,$8.49 
440,1,18,128,$9.25 
440,1,6,387,$9.25 
441,1,8,0,$4.45 
443,1,4,64,$11.25 
443,1,23,404,$8.75 
445,1,4,405,$8.75 
445,1,8,0,$4.45 
446,1,19,0,$2.15 
447,1,6,34,$8.99 
449,1,33,97,$1.25 
450,2,12,21,$2.18 
450,1,6,408,$11.48 
451,1,10,197,$8.75 
452,1,14,410,$11.75 
452,1,33,97,$1.25 
453,1,11,411,$10.58 
455,1,6,412,$11.75 
455,1,8,0,$4.45 
456,1,4,40,$11.25 
456,1,23,413,$11.25 
458,1,4,43,$8.75 
458,1,20,406,$8.75 
459,2,20,341,$22.50 
461,1,6,352,$11.75 
462,1,11,162,$11.25 
462,1,0,0,$2.95 
465,1,4,72,$8.75 
465,1,35,145,$6.49 
467,1,8,0,$4.45 
467,1,22,412,$11.75 
468,1,8,0,$4.45 
469,1,4,402,$11.25 
470,1,8,0,$4.45 
470,1,11,416,$8.75 
471,1,6,22,$8.99 
471,1,16,0,$1.09 
471,1,6,262,$8.99 
474,1,21,419,$11.48 
475,1,22,420,$9.25 
476,1,11,421,$8.49 
477,1,6,383,$8.99 
478,1,4,141,$8.75 
478,1,8,0,$4.45 
478,1,34,424,$11.89 
479,1,11,425,$10.58 
479,1,11,426,$8.19 
479,1,5,0,$1.69 
480,1,4,393,$8.75 
480,1,19,0,$2.15 
480,1,33,97,$1.25 
481,2,11,394,$17.50 
481,1,35,145,$6.49 
481,1,25,427,$9.25 
481,1,19,0,$2.15 
482,1,11,65,$8.75 
482,1,8,0,$4.45 
482,1,4,308,$8.75 
482,1,33,145,$1.25 
483,1,18,428,$11.48 
483,1,18,429,$11.48 
484,1,21,3,$8.99 
484,2,16,0,$2.18 
485,1,4,430,$8.49 
485,1,18,430,$8.99 
485,2,16,0,$2.18 
486,1,8,0,$4.45 
487,1,11,431,$11.25 
487,1,31,248,$9.25 
488,1,20,42,$11.25 
489,1,23,217,$8.49 
489,1,10,182,$8.49 
491,1,4,434,$11.25 
491,1,15,435,$9.25 
491,1,4,351,$11.25 
494,1,4,439,$10.98 
495,1,15,24,$8.99 
496,1,12,97,$1.09 
496,1,12,75,$1.09 
497,1,8,0,$4.45 
498,1,4,443,$11.25 
498,1,8,0,$4.45 
499,1,21,444,$9.25 
499,1,8,0,$4.45 
500,1,4,393,$8.75 
501,1,0,0,$2.95 
502,1,6,446,$11.75 
503,1,11,28,$11.25 
503,1,8,0,$4.45 
504,1,18,428,$11.48 
505,1,14,51,$9.25 
506,1,11,335,$8.75 
506,1,0,0,$2.95 
507,1,33,179,$1.25 
507,1,33,179,$1.25 
508,1,21,448,$8.99 
508,1,0,0,$2.39 
509,1,33,145,$1.25 
509,1,11,85,$11.25 
510,1,23,217,$8.49 
510,1,8,0,$3.99 
511,2,17,0,$5.90 
511,1,35,145,$6.49 
512,1,23,37,$10.98 
513,1,3,0,$2.39 
514,1,4,450,$8.75 
514,1,19,0,$2.15 
517,1,11,453,$8.19 
517,1,6,454,$8.69 
518,1,11,455,$10.98 
519,1,6,4,$11.48 
520,1,10,379,$8.75 
521,1,11,212,$8.75 
522,1,6,457,$9.25 
522,1,33,97,$1.25 
523,1,5,0,$1.69 
524,1,8,0,$4.45 
526,1,4,213,$11.25 
529,1,24,226,$11.25 
529,1,4,122,$8.75 
530,1,13,128,$9.25 
530,2,19,0,$4.30 
530,1,4,129,$8.75 
531,1,4,374,$8.49 
531,1,8,0,$3.99 
532,1,21,461,$8.99 
533,1,4,462,$8.49 
534,1,34,27,$11.89 
535,1,21,65,$9.25 
535,1,0,0,$2.95 
536,1,8,0,$4.45 
538,1,11,465,$10.98 
540,1,8,0,$4.45 
541,1,45,64,$11.89 
542,1,11,113,$8.49 
543,1,4,467,$8.75 
544,1,11,201,$8.75 
544,1,4,201,$8.75 
545,1,22,469,$11.75 
546,1,11,470,$11.25 
546,1,14,471,$11.75 
547,1,5,0,$1.69 
549,1,33,145,$1.25 
549,2,8,0,$8.90 
551,1,23,250,$8.75 
552,1,20,226,$11.25 
553,1,5,0,$1.69 
553,1,2,16,$3.39 
555,1,15,47,$8.99 
556,1,11,475,$10.98 
557,1,24,476,$11.25 
558,1,7,477,$8.99 
559,1,4,407,$8.75 
559,1,19,0,$2.15 
560,1,4,128,$8.75 
560,1,30,0,$2.95 
561,1,15,447,$11.75 
561,2,33,179,$2.50 
561,1,26,0,$2.95 
562,1,6,480,$11.48 
563,1,19,0,$2.15 
564,1,6,483,$11.75 
566,1,35,97,$6.49 
566,1,15,283,$11.75 
567,1,12,80,$1.09 
569,1,11,393,$8.75 
569,1,19,0,$2.15 
571,1,24,485,$11.25 
572,1,4,378,$8.49 
572,1,11,12,$8.49 
573,1,16,0,$1.50 
574,1,4,487,$8.75 
574,2,33,97,$2.50 
575,1,46,488,$7.40 
575,1,46,489,$7.40 
576,1,18,248,$9.25 
577,1,11,490,$11.25 
577,1,10,491,$11.25 
577,1,4,492,$11.25 
577,1,24,386,$11.25 
578,2,4,483,$22.50 
580,1,4,494,$8.49 
582,1,11,59,$11.25 
582,1,16,0,$1.50 
584,1,23,217,$8.49 
585,1,24,249,$8.75 
585,1,11,153,$8.75 
586,1,11,498,$8.75 
587,1,21,59,$11.75 
588,1,11,499,$11.25 
588,1,4,500,$11.25 
588,1,30,0,$2.95 
589,1,11,475,$10.98 
591,1,29,0,$2.39 
593,1,21,504,$11.48 
596,1,10,47,$8.49 
596,1,8,0,$3.99 
597,1,8,0,$4.45 
598,1,20,509,$8.75 
598,1,33,97,$1.25 
599,1,4,510,$10.98 
599,1,21,378,$8.99 
600,1,10,52,$11.25 
601,1,4,393,$8.75 
603,1,16,0,$1.50 
604,1,11,65,$8.75 
604,1,33,145,$1.25 
604,1,8,0,$4.45 
606,1,4,51,$8.75 
606,1,26,0,$2.95 
607,1,11,513,$8.75 
607,1,0,0,$2.95 
608,1,10,514,$8.49 
608,1,23,99,$8.49 
610,1,11,132,$8.75 
611,1,21,49,$9.25 
611,1,4,201,$8.75 
613,1,19,0,$2.15 
615,1,4,43,$8.75 
617,1,8,0,$4.45 
620,1,6,508,$11.75 
621,1,4,518,$11.25 
621,1,20,499,$11.25 
622,1,4,86,$11.25 
622,1,8,0,$4.45 
623,1,4,519,$8.49 
623,1,4,12,$8.49 
624,1,13,374,$8.99 
624,1,8,0,$3.99 
625,1,4,121,$8.75 
626,1,19,0,$2.15 
626,1,21,72,$9.25 
628,1,4,523,$11.25 
628,1,19,0,$2.15 
628,1,20,524,$8.75 
628,1,8,0,$4.45 
629,1,11,376,$8.75 
629,1,11,450,$8.75 
630,1,4,525,$11.25 
630,1,19,0,$2.15 
631,1,4,526,$8.75 
631,2,30,0,$5.90 
633,3,33,145,$3.75 
634,1,10,291,$8.75 
634,1,33,179,$1.25 
634,1,8,0,$4.45 
635,1,21,528,$11.75 
635,2,21,59,$23.50 
636,1,11,529,$8.75 
636,1,11,530,$8.75 
637,1,4,531,$8.75 
637,1,33,97,$1.25 
638,1,33,13,$1.25 
640,1,17,0,$2.95 
641,1,2,120,$3.39 
643,2,4,275,$17.50 
645,1,17,0,$2.95 
646,1,15,310,$9.25 
646,1,11,27,$11.25 
647,1,30,0,$2.95 
649,1,20,308,$8.75 
649,1,4,346,$8.75 
649,1,4,536,$11.25 
649,1,4,537,$8.75 
650,1,19,0,$2.15 
651,1,4,44,$8.49 
651,1,1,33,$3.39 
651,1,1,33,$3.39 
652,1,11,510,$10.98 
653,1,11,539,$11.25 
654,1,33,179,$1.25 
654,2,26,0,$5.90 
654,1,20,176,$8.75 
654,1,24,133,$11.25 
655,1,21,9,$9.25 
655,1,8,0,$4.45 
655,1,16,0,$1.50 
657,1,4,85,$11.25 
657,1,19,0,$2.15 
658,1,23,352,$11.25 
658,1,40,42,$11.75 
659,1,6,542,$11.75 
659,1,8,0,$4.45 
660,1,8,0,$4.45 
661,1,6,72,$9.25 
661,1,4,72,$8.75 
662,1,6,180,$8.99 
663,1,11,543,$8.49 
663,1,22,544,$8.99 
664,1,24,51,$8.75 
665,1,8,0,$3.99 
666,1,13,545,$11.08 
667,1,4,423,$8.49 
667,1,4,113,$8.49 
668,1,23,217,$8.49 
669,1,11,162,$11.25 
669,1,19,0,$2.15 
670,2,11,427,$17.50 
670,1,30,0,$2.95 
671,1,11,547,$8.49 
672,1,11,548,$10.98 
673,1,11,276,$11.25 
674,1,11,549,$8.75 
675,1,31,49,$9.25 
676,1,18,212,$9.25 
677,1,4,81,$8.75 
678,1,8,0,$3.99 
681,1,10,337,$8.75 
682,1,4,469,$11.25 
682,1,8,0,$4.45 
683,1,33,97,$1.25 
684,1,6,554,$11.75 
685,1,0,0,$2.95 
687,1,23,555,$11.25 
687,1,8,0,$4.45 
688,1,11,556,$11.25 
689,1,4,557,$8.49 
691,1,11,102,$8.75 
691,1,11,226,$11.25 
691,1,6,196,$11.75 
693,1,4,561,$10.98 
693,1,5,0,$1.69 
694,1,21,151,$8.99 
696,1,21,394,$9.25 
697,1,11,59,$11.25 
698,1,4,222,$8.75 
699,1,4,564,$8.49 
699,1,5,0,$1.69 
700,1,4,43,$8.75 
700,1,33,179,$1.25 
701,1,20,565,$11.25 
701,1,19,0,$2.15 
702,1,15,321,$11.08 
703,1,4,167,$8.49 
703,1,4,566,$8.49 
703,1,4,567,$8.49 
705,1,18,568,$11.75 
706,1,11,570,$8.75 
706,1,8,0,$4.45 
707,1,16,0,$1.50 
708,2,6,572,$23.50 
710,2,33,97,$2.50 
710,1,19,0,$2.15 
711,1,4,44,$8.49 
711,1,36,0,$2.39 
712,1,11,65,$8.75 
713,1,23,575,$10.98 
716,1,6,508,$11.75 
716,1,11,65,$8.75 
717,1,11,128,$8.75 
717,1,11,530,$8.75 
720,1,4,122,$8.75 
720,1,10,436,$8.75 
722,1,8,0,$4.45 
723,1,4,374,$8.49 
724,1,31,318,$9.25 
725,1,33,145,$1.25 
725,1,4,72,$8.75 
727,1,16,0,$1.50 
728,1,10,102,$8.75 
729,1,4,374,$8.49 
729,1,8,0,$3.99 
730,1,18,262,$8.99 
731,1,33,97,$1.25 
732,1,11,95,$8.49 
732,1,10,580,$8.49 
733,1,13,128,$9.25 
736,1,11,552,$8.75 
737,1,21,528,$11.75 
737,1,21,583,$11.75 
737,2,8,0,$8.90 
738,1,0,0,$2.95 
739,1,11,149,$8.49 
741,2,4,585,$21.96 
743,1,11,382,$8.75 
745,1,4,587,$8.49 
745,1,8,0,$3.99 
746,1,9,588,$8.75 
747,2,11,578,$17.50 
748,1,13,128,$9.25 
748,1,17,0,$2.95 
751,1,16,0,$1.50 
754,1,35,97,$6.49 
754,1,6,590,$11.75 
754,1,8,0,$4.45 
755,1,24,507,$10.98 
755,1,5,0,$1.69 
757,1,21,9,$9.25 
757,1,0,0,$2.95 
758,1,11,212,$8.75 
758,1,33,13,$1.25 
759,1,4,591,$11.25 
759,1,15,584,$9.25 
759,1,10,197,$8.75 
759,1,4,382,$8.75 
759,2,0,0,$5.90 
760,1,28,64,$11.25 
761,1,11,510,$10.98 
763,1,21,394,$9.25 
763,1,16,0,$1.50 
764,1,33,179,$1.25 
764,1,4,43,$8.75 
765,1,10,183,$8.49 
766,1,20,579,$11.25 
767,1,21,390,$11.75 
768,2,27,594,$18.50 
769,1,4,374,$8.49 
769,1,0,0,$2.39 
770,1,8,0,$4.45 
770,1,15,59,$11.75 
771,1,14,151,$8.99 
771,1,8,0,$3.99 
773,1,4,77,$8.75 
774,1,35,97,$6.49 
775,1,11,597,$8.49 
775,1,6,598,$8.99 
777,2,20,271,$22.50 
778,1,30,0,$2.95 
779,1,4,543,$8.49 
781,1,4,153,$8.75 
782,1,4,159,$11.25 
783,1,3,0,$2.39 
784,1,6,572,$11.75 
784,1,35,97,$6.49 
784,1,10,601,$11.25 
787,1,6,604,$8.99 
787,1,14,605,$8.99 
788,1,12,21,$1.09 
789,1,6,217,$8.99 
790,1,12,97,$1.09 
791,1,6,196,$11.75 
791,1,21,530,$9.25 
791,1,19,0,$2.15 
792,1,8,0,$4.45 
793,1,16,0,$1.50 
794,1,4,429,$10.98 
794,1,3,0,$2.39 
795,1,11,610,$8.75 
795,1,18,55,$9.25 
797,1,21,587,$8.99 
798,1,35,97,$6.49 
799,1,8,0,$3.99 
800,2,11,51,$17.50 
803,1,8,0,$4.45 
803,1,33,145,$1.25 
806,1,4,615,$11.25 
806,1,19,0,$2.15 
807,1,31,616,$9.25 
807,1,4,617,$11.25 
808,1,26,0,$2.95 
812,1,18,372,$11.75 
813,1,19,0,$2.15 
813,1,4,77,$8.75 
816,1,25,404,$9.25 
818,1,20,588,$8.75 
818,1,14,550,$11.75 
818,1,15,92,$11.75 
818,1,24,309,$8.75 
818,2,8,0,$8.90 
819,1,4,438,$10.98 
820,1,24,604,$8.49 
820,1,11,624,$8.49 
821,1,11,625,$10.98 
822,1,21,3,$8.99 
823,1,6,162,$11.75 
823,2,11,394,$17.50 
824,1,8,0,$3.99 
825,1,4,627,$10.98 
825,1,5,0,$1.69 
827,1,6,35,$8.99 
827,1,29,0,$2.39 
828,1,6,217,$8.99 
828,1,0,0,$2.39 
829,1,33,13,$1.25 
832,1,4,494,$8.49 
834,1,23,633,$8.75 
834,2,16,0,$3.00 
835,1,4,41,$8.75 
836,1,21,634,$11.75 
836,1,18,635,$11.75 
838,1,10,436,$8.75 
841,1,22,136,$9.25 
842,1,11,398,$10.98 
842,1,10,639,$8.49 
842,1,8,0,$3.99 
842,1,1,1,$3.39 
843,1,21,640,$11.75 
844,1,8,0,$4.45 
844,1,14,249,$9.25 
846,1,23,259,$8.75 
846,1,11,197,$8.75 
847,1,16,0,$1.50 
848,1,11,643,$8.75 
849,1,11,412,$11.25 
851,1,8,0,$4.45 
852,1,0,0,$2.39 
853,1,6,645,$9.25 
854,1,6,140,$9.25 
854,1,8,0,$4.45 
855,1,24,351,$11.25 
855,1,19,0,$2.15 
857,1,4,393,$8.75 
857,1,16,0,$1.50 
858,1,13,122,$9.25 
859,1,11,648,$10.98 
859,1,6,649,$8.99 
859,2,12,97,$2.18 
860,1,11,318,$8.75 
860,1,33,97,$1.25 
861,1,7,650,$8.99 
862,1,8,0,$4.45 
862,1,11,153,$8.75 
866,1,21,262,$8.99 
866,1,4,149,$8.49 
868,1,8,0,$3.99 
868,1,11,131,$8.49 
871,1,11,655,$10.98 
872,1,3,0,$2.39 
874,1,16,0,$1.50 
875,1,5,0,$1.69 
876,1,8,0,$4.45 
876,1,11,248,$8.75 
878,1,8,0,$4.45 
879,1,23,249,$8.75 
879,1,4,48,$8.75 
880,1,8,0,$3.99 
880,1,21,599,$8.99 
880,1,11,369,$8.49 
881,1,11,651,$11.25 
882,1,8,0,$4.45 
883,1,4,660,$8.75 
884,1,4,77,$8.75 
884,1,19,0,$2.15 
887,1,16,0,$1.50 
888,1,11,201,$8.75 
888,1,31,436,$9.25 
888,1,11,444,$8.75 
890,1,8,0,$4.45 
890,1,21,412,$11.75 
891,1,19,0,$2.15 
891,1,11,450,$8.75 
892,1,33,179,$1.25 
892,1,21,291,$9.25 
892,1,19,0,$2.15 
893,1,6,572,$11.75 
893,1,11,663,$11.25 
894,1,23,664,$8.75 
894,1,8,0,$4.45 
895,1,11,452,$8.49 
896,1,28,328,$8.75 
896,1,20,665,$8.75 
897,1,6,217,$8.99 
898,1,25,666,$9.25 
898,1,4,667,$11.25 
898,1,26,0,$2.95 
899,1,8,0,$4.45 
899,1,25,221,$11.75 
900,1,15,668,$11.48 
900,1,21,669,$8.99 
901,4,12,13,$4.36 
901,1,6,670,$11.48 
901,1,6,441,$8.99 
902,1,14,398,$11.48 
904,1,13,671,$8.99 
905,1,4,59,$11.25 
905,1,33,268,$1.25 
906,1,31,49,$9.25 
907,1,10,451,$8.75 
907,1,19,0,$2.15 
907,1,18,673,$9.25 
909,1,4,129,$8.75 
909,1,13,128,$9.25 
909,2,19,0,$4.30 
910,1,22,108,$9.25 
910,1,4,291,$8.75 
911,1,19,0,$2.15 
913,1,15,212,$9.25 
913,1,28,674,$8.75 
913,1,8,0,$4.45 
914,1,21,318,$9.25 
915,1,21,394,$9.25 
915,1,19,0,$2.15 
916,1,23,28,$11.25 
916,1,4,91,$8.75 
916,1,10,675,$8.75 
919,1,33,13,$1.25 
920,1,11,429,$10.98 
921,1,4,53,$8.75 
921,1,19,0,$2.15 
922,1,4,677,$8.75 
922,1,17,0,$2.95 
922,1,33,13,$1.25 
923,1,31,318,$9.25 
923,1,31,49,$9.25 
925,1,11,153,$8.75 
925,1,8,0,$4.45 
926,1,6,678,$9.25 
926,1,4,201,$8.75 
926,1,4,71,$8.75 
926,1,4,451,$8.75 
926,1,21,65,$9.25 
927,1,6,161,$8.99 
927,1,6,682,$8.99 
929,1,16,0,$1.50 
930,1,4,683,$11.25 
931,1,4,121,$8.75 
932,2,4,494,$16.98 
934,1,4,53,$8.75 
934,2,19,0,$4.30 
935,1,11,121,$8.75 
935,1,33,268,$1.25 
936,1,6,238,$9.25 
936,1,8,0,$4.45 
937,1,8,0,$4.45 
938,1,19,0,$2.15 
938,1,33,13,$1.25 
939,1,4,686,$10.98 
939,1,5,0,$1.69 
941,1,11,382,$8.75 
944,1,29,0,$2.39 
945,1,18,128,$9.25 
945,1,35,13,$6.49 
946,1,24,227,$8.75 
947,2,2,120,$6.78 
947,2,6,693,$17.98 
948,1,14,42,$11.75 
948,1,43,660,$8.75 
949,1,21,694,$11.75 
949,1,11,253,$8.75 
950,1,6,217,$8.99 
951,1,11,414,$11.25 
952,1,19,0,$2.15 
953,1,13,584,$9.25 
953,1,34,698,$11.89 
953,1,21,485,$11.75 
953,1,15,249,$9.25 
954,1,4,51,$8.75 
954,1,4,122,$8.75 
955,1,4,423,$8.49 
955,1,5,0,$1.69 
955,1,16,0,$1.09 
956,1,16,0,$1.50 
957,1,11,553,$11.25 
958,1,16,0,$1.50 
959,1,11,165,$8.49 
959,1,25,700,$8.99 
962,1,9,166,$8.75 
962,1,20,654,$11.25 
963,1,23,92,$11.25 
963,1,26,0,$2.95 
964,1,8,0,$4.45 
965,1,4,701,$8.49 
968,1,6,162,$11.75 
969,1,33,97,$1.25 
970,1,45,367,$11.89 
971,1,12,80,$1.09 
971,1,24,217,$8.49 
971,1,0,0,$2.39 
972,1,11,277,$8.75 
972,1,4,77,$8.75 
973,1,4,269,$8.75 
973,2,8,0,$8.90 
974,1,10,436,$8.75 
975,1,11,51,$8.75 
975,1,21,162,$11.75 
975,2,16,0,$3.00 
976,1,16,0,$1.50 
976,1,4,434,$11.25 
976,1,25,706,$11.75 
977,1,13,152,$8.99 
977,1,11,510,$10.98 
978,1,10,110,$8.75 
978,1,19,0,$2.15 
979,1,6,681,$9.25 
979,1,8,0,$4.45 
980,1,5,0,$1.69 
981,1,21,72,$9.25 
982,1,8,0,$4.45 
983,1,4,708,$10.98 
983,1,8,0,$3.99 
984,1,8,0,$4.45 
985,1,23,710,$10.98 
986,1,4,370,$8.75 
987,1,11,712,$11.25 
988,1,4,713,$8.49 
990,1,6,217,$8.99 
990,1,12,80,$1.09 
990,1,0,0,$2.39 
992,1,4,41,$8.75 
993,1,11,563,$8.49 
993,1,5,0,$1.69 
994,1,11,686,$10.98 
994,1,5,0,$1.69 
995,1,4,359,$11.25 
996,1,9,87,$11.25 
996,1,6,356,$11.75 
998,1,0,0,$2.39 
999,2,33,13,$2.50 
999,1,10,718,$8.75 
999,1,9,719,$8.75 
999,1,6,720,$9.25 
1000,1,18,122,$9.25 
1000,1,4,214,$11.25 
1003,1,14,372,$11.75 
1004,2,4,722,$21.96 
1006,1,10,203,$8.75 
1006,1,11,536,$11.25 
1006,1,4,132,$8.75 
1006,1,11,153,$8.75 
1007,1,15,723,$8.99 
1007,1,5,0,$1.69 
1008,1,4,393,$8.75 
1008,1,19,0,$2.15 
1008,1,33,13,$1.25 
1009,1,12,97,$1.09 
1009,1,16,0,$1.09 
1009,1,5,0,$1.69 
1010,1,4,725,$8.49 
1010,1,9,452,$8.49 
1011,1,33,145,$1.25 
1011,1,33,145,$1.25 
1013,1,8,0,$4.45 
1013,1,8,0,$4.45 
1014,1,6,297,$8.99 
1014,1,12,80,$1.09 
1015,1,20,727,$11.25 
1015,1,19,0,$2.15 
1016,1,24,728,$11.25 
1016,1,15,499,$11.75 
1017,1,24,729,$11.25 
1017,1,4,730,$11.25 
1018,1,21,731,$9.25 
1018,1,0,0,$2.95 
1020,1,26,0,$2.95 
1020,1,26,0,$2.95 
1021,1,16,0,$1.50 
1022,1,11,732,$10.98 
1023,2,4,733,$16.98 
1024,2,14,108,$18.50 
1025,1,4,734,$10.98 
1025,1,12,36,$1.09 
1026,1,13,48,$9.25 
1026,1,14,310,$9.25 
1028,1,4,201,$8.75 
1028,1,8,0,$4.45 
1029,1,8,0,$4.45 
1030,1,6,451,$9.25 
1032,1,30,0,$2.95 
1033,1,4,592,$11.25 
1033,1,9,303,$8.75 
1035,2,8,0,$8.90 
1035,1,4,42,$11.25 
1036,1,4,737,$10.98 
1038,1,4,683,$11.25 
1039,1,4,606,$8.49 
1040,1,11,739,$8.49 
1042,1,34,740,$9.39 
1043,1,6,741,$11.75 
1045,1,16,0,$1.50 
1046,1,11,739,$8.49 
1046,1,1,1,$3.39 
1047,1,33,97,$1.25 
1048,2,11,51,$17.50 
1049,1,23,637,$11.25 
1051,1,11,571,$11.25 
1051,3,8,0,$13.35 
1051,1,4,213,$11.25 
1051,1,15,289,$11.75 
1052,1,11,553,$11.25 
1053,1,2,69,$3.39 
1054,1,7,197,$9.25 
1055,1,0,0,$2.39 
1055,1,8,0,$3.99 
1057,1,10,87,$11.25 
1057,1,10,87,$11.25 
1058,1,4,133,$11.25 
1058,1,8,0,$4.45 
1059,1,8,0,$4.45 
1060,1,11,744,$8.49 
1060,1,10,161,$8.49 
1061,1,4,106,$10.98 
1062,1,24,745,$10.98 
1063,1,6,157,$11.75 
1063,1,11,215,$8.75 
1064,1,16,0,$1.50 
1068,1,11,200,$8.75 
1068,1,0,0,$2.95 
1072,1,4,275,$8.75 
1073,1,11,12,$8.49 
1074,1,4,129,$8.75 
1074,1,19,0,$2.15 
1074,1,13,128,$9.25 
1076,1,19,0,$2.15 
1076,1,35,145,$6.49 
1077,1,6,645,$9.25 
1079,1,13,64,$11.75 
1080,1,6,750,$11.75 
1081,1,19,0,$2.15 
1082,1,15,751,$11.75 
1082,1,21,259,$9.25 
1082,1,11,565,$11.25 
1083,2,0,0,$5.90 
1084,1,11,51,$8.75 
1085,1,15,122,$9.25 
1087,1,11,415,$11.25 
1087,1,4,681,$8.75 
1087,1,19,0,$2.15 
1088,1,4,754,$11.25 
1089,1,4,43,$8.75 
1089,1,26,0,$2.95 
1091,1,18,162,$11.75 
1093,1,21,262,$8.99 
1093,1,16,0,$1.09 
1095,1,11,756,$8.49 
1096,1,4,757,$10.98 
1096,1,8,0,$3.99 
1097,1,18,758,$11.75 
1097,1,8,0,$4.45 
1097,2,33,97,$2.50 
1099,1,11,99,$8.49 
1099,1,11,760,$8.49 
1101,1,8,0,$3.99 
1102,1,11,259,$8.75 
1102,1,0,0,$2.95 
1102,1,4,762,$8.75 
1103,1,11,109,$8.75 
1104,1,19,0,$2.15 
1105,1,8,0,$4.45 
1106,1,8,0,$4.45 
1106,1,13,584,$9.25 
1107,1,19,0,$2.15 
1108,1,14,49,$9.25 
1109,1,35,97,$6.49 
1110,1,0,0,$2.95 
1112,1,16,0,$1.50 
1112,1,19,0,$2.15 
1113,1,10,765,$8.75 
1114,1,8,0,$4.45 
1114,1,16,0,$1.50 
1114,1,33,145,$1.25 
1115,1,4,51,$8.75 
1115,1,8,0,$4.45 
1116,1,4,742,$11.25 
1116,1,25,767,$11.75 
1117,1,16,0,$1.09 
1117,1,5,0,$1.69 
1118,1,6,768,$8.99 
1118,1,2,2,$3.39 
1121,1,6,769,$8.99 
1122,1,12,80,$1.09 
1124,1,10,580,$8.49 
1126,1,6,157,$11.75 
1127,1,4,142,$8.75 
1128,1,2,120,$3.39 
1128,1,6,771,$8.99 
1128,1,0,0,$2.39 
1129,1,25,201,$9.25 
1130,1,7,110,$9.25 
1130,1,6,703,$9.25 
1131,1,6,772,$8.99 
1131,1,8,0,$3.99 
1131,1,3,0,$2.39 
1132,1,23,599,$8.49 
1132,1,12,97,$1.09 
1133,1,6,768,$8.99 
1133,1,2,2,$3.39 
1134,1,33,97,$1.25 
1135,1,8,0,$3.99 
1136,1,35,97,$6.49 
1137,1,11,775,$8.75 
1137,1,25,703,$9.25 
1138,1,4,777,$11.25 
1141,1,11,102,$8.75 
1141,1,33,145,$1.25 
1141,1,19,0,$2.15 
1142,2,25,147,$17.98 
1142,1,6,147,$8.99 
1143,1,4,317,$8.75 
1144,1,7,651,$11.75 
1144,1,16,0,$1.50 
1146,1,14,780,$11.08 
1148,1,15,257,$8.99 
1149,1,11,781,$10.98 
1149,1,8,0,$3.99 
1150,1,21,782,$11.75 
1151,1,0,0,$2.95 
1152,1,20,784,$8.75 
1153,1,31,133,$11.75 
1154,1,6,29,$11.75 
1154,1,11,785,$11.25 
1155,1,24,162,$11.25 
1155,1,33,97,$1.25 
1156,2,12,80,$2.18 
1156,1,29,0,$2.39 
1156,1,9,786,$8.49 
1156,1,0,0,$2.39 
1157,1,9,309,$8.75 
1158,1,15,596,$11.75 
1158,1,15,555,$11.75 
1159,1,8,0,$4.45 
1160,1,4,787,$8.19 
1160,1,4,788,$10.58 
1163,1,11,790,$11.25 
1163,1,16,0,$1.50 
1164,1,15,112,$8.99 
1164,1,8,0,$3.99 
1165,1,8,0,$4.45 
1165,1,21,542,$11.75 
1166,1,8,0,$4.45 
1167,1,11,210,$8.75 
1167,1,13,128,$9.25 
1167,3,19,0,$6.45 
1168,1,20,791,$11.25 
1168,1,24,213,$11.25 
1169,1,4,163,$8.75 
1169,1,21,750,$11.75 
1170,1,6,793,$8.99 
1171,1,6,748,$9.25 
1171,1,8,0,$4.45 
1172,1,2,120,$3.39 
1174,2,11,796,$17.50 
1176,1,4,798,$8.75 
1180,1,13,317,$9.25 
1180,1,30,0,$2.95 
1182,1,21,800,$8.99 
1182,3,36,0,$7.17 
1182,1,4,725,$8.49 
1184,1,21,53,$9.25 
1185,1,33,145,$1.25 
1186,1,15,802,$8.99 
1187,1,8,0,$4.45 
1188,1,4,736,$11.25 
1188,1,19,0,$2.15 
1190,1,11,102,$8.75 
1191,1,6,550,$11.75 
1191,2,33,13,$2.50 
1192,2,16,0,$2.18 
1193,1,8,0,$4.45 
1194,1,4,804,$8.49 
1194,1,15,804,$8.99 
1194,1,5,0,$1.69 
1195,1,12,80,$1.09 
1196,1,4,632,$11.25 
1196,1,4,213,$11.25 
1197,1,8,0,$4.45 
1198,1,5,0,$1.69 
1200,1,18,64,$11.75 
1200,2,33,97,$2.50 
1201,1,16,0,$1.09 
1202,1,4,99,$8.49 
1202,1,29,0,$2.39 
1203,1,18,808,$11.75 
1203,1,33,13,$1.25 
1204,1,11,809,$8.49 
1205,1,23,605,$8.49 
1206,1,20,197,$8.75 
1207,1,4,121,$8.75 
1207,1,8,0,$4.45 
1208,1,23,664,$8.75 
1209,1,4,766,$11.25 
1211,1,10,183,$8.49 
1212,1,8,0,$3.99 
1213,1,8,0,$3.99 
1214,1,11,85,$11.25 
1215,1,36,0,$2.39 
1216,1,4,35,$8.49 
1217,1,8,0,$3.99 
1218,1,4,84,$11.25 
1218,1,8,0,$4.45 
1220,1,12,21,$1.09 
1220,1,8,0,$3.99 
1221,1,4,162,$11.25 
1221,1,31,813,$9.25 
1222,1,4,213,$11.25 
1223,1,4,766,$11.25 
1225,1,25,183,$8.99 
1226,1,9,816,$8.75 
1227,2,4,733,$16.98 
1228,1,21,28,$11.75 
1228,1,21,595,$9.25 
1228,1,8,0,$4.45 
1229,1,25,307,$9.25 
1229,1,0,0,$2.95 
1230,1,4,817,$8.49 
1230,1,5,0,$1.69 
1231,1,21,308,$9.25 
1232,1,16,0,$1.50 
1233,1,6,270,$11.48 
1234,1,24,612,$11.25 
1235,1,11,201,$8.75 
1235,1,34,819,$9.39 
1236,1,9,354,$8.49 
1237,1,0,0,$2.29 
1238,1,15,821,$11.48 
1239,1,8,0,$3.99 
1240,1,4,605,$8.49 
1240,1,5,0,$1.69 
1241,1,0,0,$2.95 
1242,1,11,12,$8.49 
1242,1,5,0,$1.69 
1243,1,23,766,$11.25 
1243,1,20,681,$8.75 
1244,1,8,0,$4.45 
1244,1,34,622,$11.89 
1244,1,8,0,$4.45 
1245,1,11,227,$8.75 
1246,1,4,129,$8.75 
1247,3,33,97,$3.75 
1248,1,11,795,$11.25 
1248,1,8,0,$4.45 
1248,1,35,97,$6.49 
1250,1,26,0,$2.95 
1251,1,11,827,$8.49 
1253,1,35,179,$6.49 
1254,1,3,0,$2.39 
1255,1,8,0,$4.45 
1255,1,24,831,$11.25 
1256,1,13,44,$8.99 
1256,1,5,0,$1.69 
1258,1,6,516,$8.99 
1259,1,21,262,$8.99 
1260,1,13,833,$8.69 
1260,1,5,0,$1.69 
1261,1,10,451,$8.75 
1262,1,6,804,$8.99 
1262,1,12,80,$1.09 
1263,1,23,306,$8.49 
1264,1,8,0,$4.45 
1267,1,11,836,$8.49 
1268,1,4,132,$8.75 
1269,1,20,838,$11.25 
1271,1,4,839,$8.49 
1271,1,6,105,$8.99 
1272,1,8,0,$4.45 
1274,1,4,132,$8.75 
1274,1,19,0,$2.15 
1275,1,6,643,$9.25 
1275,1,8,0,$4.45 
1276,1,21,542,$11.75 
1276,1,19,0,$2.15 
1276,1,9,298,$11.25 
1277,1,6,842,$8.99 
1278,1,18,843,$8.69 
1278,1,21,843,$8.69 
1279,1,6,844,$11.75 
1279,1,0,0,$2.95 
1281,1,21,153,$9.25 
1282,1,6,845,$11.48 
1282,1,7,580,$8.99 
1282,1,29,0,$2.39 
1283,1,45,372,$11.89 
1283,1,19,0,$2.15 
1283,1,33,97,$1.25 
1286,1,8,0,$4.45 
1287,1,19,0,$2.15 
1287,1,8,0,$4.45 
1288,1,4,846,$8.49 
1288,1,8,0,$3.99 
1289,1,28,654,$11.25 
1290,1,4,217,$8.49 
1291,1,0,0,$2.39 
1292,1,4,847,$11.25 
1293,1,0,0,$2.95 
1295,2,11,848,$17.50 
1296,1,6,214,$11.75 
1296,1,21,27,$11.75 
1297,1,4,742,$11.25 
1297,1,9,767,$11.25 
1298,2,33,97,$2.50 
1298,1,10,451,$8.75 
1299,1,18,850,$8.99 
1299,1,5,0,$1.69 
1300,1,5,0,$1.69 
1301,1,4,851,$11.25 
1303,1,18,262,$8.99 
1303,1,12,13,$1.09 
1304,1,11,590,$11.25 
1304,1,17,0,$2.95 
1305,1,20,30,$8.75 
1305,1,33,97,$1.25 
1306,1,4,407,$8.75 
1307,1,4,771,$8.49 
1308,1,11,35,$8.49 
1309,1,4,836,$8.49 
1312,1,23,212,$8.75 
1313,1,13,429,$11.48 
1314,1,4,681,$8.75 
1315,1,10,563,$8.49 
1316,1,16,0,$1.50 
1316,1,4,641,$11.25 
1317,1,4,857,$11.25 
1318,1,4,265,$8.75 
1318,1,8,0,$4.45 
1319,1,21,72,$9.25 
1320,2,19,0,$4.30 
1320,1,26,0,$2.95 
1321,3,16,0,$4.50 
1322,1,6,860,$9.25 
1322,1,11,861,$11.25 
1323,1,4,42,$11.25 
1324,1,4,407,$8.75 
1324,1,19,0,$2.15 
1324,1,33,13,$1.25 
1325,1,4,121,$8.75 
1326,1,31,354,$8.99 
1326,1,9,331,$8.49 
1327,1,4,291,$8.75 
1328,1,6,553,$11.75 
1330,1,2,120,$3.39 
1330,1,27,863,$8.99 
1331,1,9,256,$11.25 
1333,1,19,0,$2.15 
1334,2,11,864,$21.96 
1335,1,11,143,$8.49 
1337,1,21,866,$11.75 
1338,1,21,867,$8.99 
1340,1,31,126,$9.25 
1340,1,31,318,$9.25 
1341,1,11,588,$8.75 
1341,1,13,308,$9.25 
1341,1,4,509,$8.75 
1342,1,11,870,$8.75 
1342,1,19,0,$2.15 
1343,1,34,871,$11.89 
1344,1,6,59,$11.75 
1344,1,8,0,$4.45 
1345,2,21,43,$18.50 
1346,1,21,765,$9.25 
1346,1,45,153,$9.39 
1348,1,5,0,$1.69 
1348,1,16,0,$1.09 
1349,1,6,872,$8.99 
1349,1,32,217,$8.49 
1350,1,33,268,$1.25 
1351,1,23,306,$8.49 
1351,1,2,69,$3.39 
1352,1,11,257,$8.49 
1352,1,8,0,$3.99 
1353,1,11,536,$11.25 
1353,1,9,201,$8.75 
1354,1,5,0,$1.69 
1356,1,18,43,$9.25 
1356,1,6,658,$11.75 
1356,1,33,97,$1.25 
1357,1,20,871,$11.25 
1357,1,20,197,$8.75 
1358,1,4,620,$8.49 
1359,1,33,268,$1.25 
1360,2,35,97,$12.98 
1360,1,6,115,$11.75 
1361,1,4,162,$11.25 
1361,1,18,162,$11.75 
1362,1,4,873,$10.98 
1364,1,6,876,$9.25 
1365,1,11,877,$8.75 
1366,1,0,0,$2.95 
1367,1,21,132,$9.25 
1367,1,4,132,$8.75 
1368,1,20,515,$11.25 
1369,1,24,309,$8.75 
1369,1,8,0,$4.45 
1371,1,11,200,$8.75 
1371,1,0,0,$2.95 
1371,2,33,97,$2.50 
1372,1,6,395,$9.25 
1372,1,13,48,$9.25 
1373,1,14,584,$9.25 
1374,2,4,201,$17.50 
1375,1,4,879,$8.49 
1375,1,5,0,$1.69 
1376,1,8,0,$3.99 
1377,1,4,881,$8.75 
1377,1,26,0,$2.95 
1378,1,11,882,$8.49 
1378,1,21,883,$8.99 
1379,1,6,884,$8.99 
1380,1,8,0,$4.45 
1380,1,33,145,$1.25 
1382,1,4,885,$11.25 
1382,1,14,212,$9.25 
1383,1,20,886,$11.25 
1384,1,4,85,$11.25 
1385,1,11,270,$10.98 
1386,1,11,43,$8.75 
1387,1,11,499,$11.25 
1389,1,6,487,$9.25 
1390,1,4,395,$8.75 
1390,1,4,887,$8.75 
1391,1,19,0,$2.15 
1392,1,4,854,$11.25 
1393,1,11,8,$8.75 
1393,1,11,888,$8.75 
1395,1,23,889,$8.49 
1395,1,23,890,$8.49 
1396,1,9,786,$8.49 
1396,1,12,21,$1.09 
1397,1,23,42,$11.25 
1398,3,15,27,$35.25 
1399,1,4,891,$8.75 
1399,1,26,0,$2.95 
1399,1,33,13,$1.25 
1400,1,4,892,$11.25 
1401,1,8,0,$4.45 
1402,1,8,0,$4.45 
1403,1,33,97,$1.25 
1404,1,4,129,$8.75 
1404,1,19,0,$2.15 
1404,1,33,97,$1.25 
1405,1,12,75,$1.09 
1405,1,5,0,$1.69 
1407,1,25,291,$9.25 
1408,1,4,619,$10.98 
1408,1,0,0,$2.39 
1409,2,20,271,$22.50 
1410,2,4,832,$21.96 
1411,1,4,898,$10.98 
1411,1,5,0,$1.69 
1412,1,13,899,$11.75 
1413,1,4,900,$8.75 
1413,1,4,42,$11.25 
1414,1,11,901,$8.75 
1414,1,6,7,$9.25 
1414,1,10,901,$8.75 
1416,1,16,0,$1.50 
1417,1,8,0,$4.45 
1418,1,6,642,$9.25 
1419,1,14,853,$8.69 
1419,1,6,905,$8.69 
1419,1,8,0,$3.89 
1420,1,5,0,$1.69 
1421,1,8,0,$4.45 
1422,1,8,0,$4.45 
1422,1,19,0,$2.15 
1424,1,23,27,$11.25 
1425,1,11,571,$11.25 
1425,1,4,132,$8.75 
1426,1,18,536,$11.75 
1427,1,4,153,$8.75 
1427,1,16,0,$1.50 
1428,1,6,542,$11.75 
1428,1,8,0,$4.45 
1429,1,8,0,$3.99 
1430,1,33,13,$1.25 
1430,1,17,0,$2.95 
1431,1,17,0,$2.95 
1431,1,6,51,$9.25 
1431,1,6,382,$9.25 
1431,1,11,387,$8.75 
1431,1,19,0,$2.15 
1433,1,10,611,$8.49 
1434,1,11,907,$10.98 
1435,1,20,186,$11.25 
1436,1,21,262,$8.99 
1437,1,4,393,$8.75 
1437,1,19,0,$2.15 
1439,1,4,116,$8.75 
1439,1,19,0,$2.15 
1440,1,4,117,$10.98 
1441,1,9,43,$8.75 
1441,1,16,0,$1.50 
1442,1,7,595,$9.25 
1443,15,0,0,$44.25 
1443,7,16,0,$10.50 
1443,1,35,145,$6.49 
1443,4,11,153,$35.00 
1443,2,16,0,$3.00 
1444,1,4,542,$11.25 
1446,1,10,451,$8.75 
1448,1,11,163,$8.75 
1448,1,35,268,$6.49 
1449,2,4,566,$16.98 
1449,1,31,452,$8.99 
1450,1,20,912,$8.75 
1450,1,17,0,$2.95 
1451,1,3,0,$2.39 
1452,1,6,913,$8.99 
1453,1,9,681,$8.75 
1453,1,13,681,$9.25 
1454,1,35,145,$6.49 
1454,3,11,291,$26.25 
1454,3,11,394,$26.25 
1457,1,19,0,$2.15 
1457,1,16,0,$1.50 
1458,1,4,916,$11.25 
1459,1,6,917,$8.99 
1459,1,36,0,$2.39 
1461,1,4,918,$11.25 
1461,1,4,213,$11.25 
1461,1,20,919,$8.75 
1463,1,24,921,$8.49 
1463,1,36,0,$2.39 
1464,1,6,552,$9.25 
1464,1,0,0,$2.95 
1468,1,6,923,$8.99 
1469,1,6,135,$9.25 
1469,1,8,0,$4.45 
1470,1,4,832,$10.98 
1472,1,33,145,$1.25 
1472,1,24,765,$8.75 
1473,1,6,344,$11.75 
1474,1,20,925,$11.25 
1475,1,6,926,$8.99 
1476,1,4,804,$8.49 
1477,1,31,197,$9.25 
1479,1,8,0,$4.45 
1481,1,31,49,$9.25 
1481,1,13,49,$9.25 
1482,1,8,0,$4.45 
1483,1,4,122,$8.75 
1483,1,21,931,$11.75 
1483,1,11,932,$8.75 
1483,1,6,28,$11.75 
1483,1,7,933,$9.25 
1483,1,21,935,$9.25 
1483,1,4,28,$11.25 
1483,1,7,221,$11.75 
1483,1,21,28,$11.75 
1484,1,12,21,$1.09 
1484,1,12,21,$1.09 
1485,1,5,0,$1.69 
1486,1,4,936,$11.25 
1487,1,4,407,$8.75 
1488,1,4,605,$8.49 
1488,1,5,0,$1.69 
1489,1,4,43,$8.75 
1490,1,8,0,$3.99 
1491,1,32,938,$8.49 
1492,1,11,132,$8.75 
1492,1,24,162,$11.25 
1492,1,19,0,$2.15 
1493,1,21,751,$11.75 
1496,1,4,939,$10.98 
1497,1,33,13,$1.25 
1498,1,8,0,$4.45 
1499,1,33,13,$1.25 
1499,1,44,622,$11.89 
1500,1,49,940,$8.99 
1500,1,6,941,$8.99 
1501,1,8,0,$4.45 
1503,1,23,755,$8.49 
1504,1,8,0,$4.45 
1505,1,8,0,$4.45 
1505,1,6,43,$9.25 
1506,1,11,153,$8.75 
1507,1,11,51,$8.75 
1508,1,6,162,$11.75 
1510,1,16,0,$1.50 
1511,1,11,200,$8.75 
1511,1,23,42,$11.25 
1512,1,25,256,$11.75 
1514,1,4,133,$11.25 
1514,1,33,97,$1.25 
1515,1,0,0,$2.95 
1515,1,13,943,$9.25 
1516,1,21,830,$8.99 
1517,2,8,0,$8.90 
1518,1,15,944,$11.48 
1518,1,12,97,$1.09 
1519,1,11,314,$10.98 
1520,1,13,945,$9.25 
1521,1,20,515,$11.25 
1523,1,33,268,$1.25 
1524,1,14,946,$9.25 
1524,1,8,0,$4.45 
1525,1,6,153,$9.25 
1526,1,21,27,$11.75 
1527,1,3,0,$2.39 
1528,1,4,949,$8.49 
1529,1,13,49,$9.25 
1529,1,31,49,$9.25 
1530,1,9,307,$8.75 
1530,1,17,0,$2.95 
1531,1,6,854,$11.75 
1532,1,24,755,$8.49 
1533,1,0,0,$2.29 
1534,1,13,296,$11.75 
1536,1,10,24,$8.49 
1537,1,6,212,$9.25 
1537,1,35,145,$6.49 
1537,1,0,0,$2.95 
1538,1,4,64,$11.25 
1539,1,6,803,$11.75 
1541,1,11,606,$8.49 
1541,1,5,0,$1.69 
1541,1,23,149,$8.49 
1542,1,8,0,$4.45 
1543,1,8,0,$3.99 
1544,1,11,954,$11.25 
1544,1,4,955,$8.75 
1545,1,11,283,$11.25 
1545,1,19,0,$2.15 
1546,1,21,904,$11.75 
1547,1,6,65,$9.25 
1547,1,10,173,$8.75 
1549,1,16,0,$1.50 
1549,1,19,0,$2.15 
1550,1,21,137,$11.48 
1551,1,16,0,$1.50 
1552,1,7,956,$8.99 
1553,1,16,0,$1.50 
1554,1,35,97,$6.49 
1557,1,8,0,$3.99 
1557,1,6,959,$8.99 
1558,1,4,41,$8.75 
1558,1,35,97,$6.49 
1559,2,40,563,$17.98 
1561,1,4,40,$11.25 
1561,1,4,42,$11.25 
1562,1,11,768,$8.49 
1562,1,12,36,$1.09 
1564,1,13,961,$8.69 
1568,1,6,44,$8.99 
1568,1,7,67,$8.99 
1569,1,5,0,$1.69 
1570,1,11,127,$8.75 
1573,1,11,964,$8.75 
1573,1,8,0,$4.45 
1574,1,16,0,$1.50 
1574,1,16,0,$1.50 
1575,1,12,21,$1.09 
1576,1,4,200,$8.75 
1576,1,8,0,$4.45 
1577,1,4,954,$11.25 
1577,2,19,0,$4.30 
1578,1,4,423,$8.49 
1578,1,5,0,$1.69 
1579,1,19,0,$2.15 
1579,1,16,0,$1.50 
1580,1,8,0,$3.99 
1581,1,4,121,$8.75 
1581,1,19,0,$2.15 
1581,1,33,268,$1.25 
1582,1,25,201,$9.25 
1582,1,0,0,$2.95 
1583,1,8,0,$4.45 
1584,1,25,517,$9.25 
1585,1,23,969,$8.49 
1586,1,11,135,$8.75 
1586,1,11,116,$8.75 
1586,1,11,970,$11.25 
1587,1,11,667,$11.25 
1587,1,33,145,$1.25 
1588,1,6,395,$9.25 
1588,1,8,0,$4.45 
1588,1,0,0,$2.95 
1590,1,11,201,$8.75 
1591,2,6,973,$18.50 
1592,4,33,145,$5.00 
1592,1,17,0,$2.95 
1594,1,4,641,$11.25 
1594,1,0,0,$2.95 
1595,1,4,153,$8.75 
1597,1,21,395,$9.25 
1597,1,19,0,$2.15 
1598,1,11,976,$8.19 
1598,1,32,978,$8.19 
1599,1,11,530,$8.75 
1599,1,17,0,$2.95 
1599,1,33,268,$1.25 
1601,1,4,352,$11.25 
1601,1,20,980,$8.75 
1601,1,4,499,$11.25 
1602,1,6,789,$8.99 
1603,1,13,9,$9.25 
1603,1,6,9,$9.25 
1603,1,8,0,$4.45 
1604,1,4,830,$8.49 
1604,1,8,0,$3.99 
1605,1,4,67,$8.49 
1606,1,4,122,$8.75 
1606,1,20,291,$8.75 
1607,1,25,256,$11.75 
1608,1,8,0,$4.45 
1608,1,10,382,$8.75 
1610,1,8,0,$4.45 
1612,1,21,653,$8.99 
1612,1,8,0,$3.99 
1613,1,10,691,$8.75 
1613,1,19,0,$2.15 
1613,1,21,982,$11.75 
1614,1,6,764,$11.75 
1615,1,34,511,$9.39 
1617,1,8,0,$4.45 
1620,1,4,584,$8.75 
1620,1,8,0,$4.45 
1622,1,7,197,$9.25 
1622,1,0,0,$2.95 
1623,1,21,986,$8.99 
1625,1,4,987,$11.25 
1627,1,4,162,$11.25 
1627,1,16,0,$1.50 
1628,1,11,988,$8.19 
1628,1,6,896,$8.69 
1629,1,4,462,$8.49 
1630,1,11,53,$8.75 
1631,1,4,771,$8.49 
1632,1,4,510,$10.98 
1633,1,20,791,$11.25 
1633,1,24,213,$11.25 
1633,1,19,0,$2.15 
1635,1,23,306,$8.49 
1635,1,48,306,$8.49 
1636,1,16,0,$1.50 
1637,1,36,0,$2.39 
1638,1,6,423,$8.99 
1639,1,6,59,$11.75 
1639,1,8,0,$4.45 
1640,2,11,153,$17.50 
1641,1,6,122,$9.25 
1643,1,8,0,$4.45 
1643,1,6,40,$11.75 
1644,1,4,121,$8.75 
1645,1,33,145,$1.25 
1645,1,16,0,$1.50 
1646,1,4,777,$11.25 
1648,1,6,81,$9.25 
1648,1,11,795,$11.25 
1650,1,10,511,$8.75 
1650,1,8,0,$4.45 
1651,1,33,179,$1.25 
1652,1,4,129,$8.75 
1655,1,4,162,$11.25 
1655,1,23,28,$11.25 
1656,1,6,590,$11.75 
1657,1,18,356,$11.75 
1657,1,33,268,$1.25 
1658,1,21,990,$9.25 
1658,1,8,0,$4.45 
1659,1,11,162,$11.25 
1659,1,31,991,$11.75 
1660,1,33,145,$1.25 
1660,10,16,0,$15.00 
1660,1,24,485,$11.25 
1660,1,8,0,$4.45 
1662,1,33,13,$1.25 
1662,1,11,992,$8.75 
1662,1,10,366,$11.25 
1662,1,0,0,$2.95 
1663,1,33,13,$1.25 
1664,1,19,0,$2.15 
1664,1,15,819,$9.25 
1665,1,11,487,$8.75 
1667,1,16,0,$1.50 
1668,1,8,0,$4.45 
1669,1,11,394,$8.75 
1670,1,7,318,$9.25 
1670,1,33,13,$1.25 
1672,1,4,553,$11.25 
1673,1,19,0,$2.15 
1674,1,8,0,$4.45 
1675,1,4,136,$8.75 
1675,1,8,0,$4.45 
1677,1,28,996,$11.25 
1677,1,8,0,$4.45 
1679,1,19,0,$2.15 
1679,1,20,444,$8.75 
1680,1,21,410,$11.75 
1680,1,16,0,$1.50 
1681,1,11,998,$11.25 
1681,1,8,0,$4.45 
1682,1,19,0,$2.15 
1683,1,4,91,$8.75 
1684,1,11,675,$8.75 
1684,1,21,617,$11.75 
1685,1,11,999,$8.75 
1686,1,24,213,$11.25 
1687,1,4,238,$8.75 
1687,1,19,0,$2.15 
1688,1,21,396,$11.75 
1690,1,8,0,$4.45 
1691,1,4,1000,$8.50 
1691,1,4,1000,$8.50 
1691,2,8,0,$8.50 
1692,1,20,1001,$11.25 
1692,1,44,271,$11.89 
1692,1,33,97,$1.25 
1694,1,16,0,$1.50 
1695,1,6,982,$11.75 
1695,1,6,65,$9.25 
1696,1,8,0,$4.45 
1697,1,21,51,$9.25 
1698,1,4,129,$8.75 
1698,1,19,0,$2.15 
1699,1,11,51,$8.75 
1699,1,4,283,$11.25 
1704,1,8,0,$4.45 
1705,1,33,97,$1.25 
1705,1,8,0,$4.45 
1706,1,23,500,$11.25 
1706,1,33,145,$1.25 
1707,1,11,201,$8.75 
1707,1,11,116,$8.75 
1709,1,33,97,$1.25 
1709,1,33,13,$1.25 
1710,1,13,1005,$11.75 
1713,1,21,692,$9.25 
1714,1,11,140,$8.75 
1714,1,8,0,$4.45 
1715,1,33,145,$1.25 
1718,1,19,0,$2.15 
1719,2,6,1008,$18.50 
1719,1,10,72,$8.75 
1721,1,8,0,$4.45 
1722,1,0,0,$2.95 
1723,1,26,0,$2.95 
1727,1,6,292,$9.25 
1728,1,19,0,$2.15 
1730,1,11,100,$11.25 
1731,1,24,213,$11.25 
1732,1,4,482,$8.75 
1732,1,33,145,$1.25 
1733,1,4,283,$11.25 
1734,1,8,0,$4.45 
1735,1,33,145,$1.25 
1735,1,4,542,$11.25 
1735,1,9,256,$11.25 
1736,1,33,145,$1.25 
1738,1,20,1012,$8.75 
1738,2,7,197,$18.50 
1741,1,35,145,$6.49 
1742,1,4,1015,$11.25 
1742,1,35,97,$6.49 
1745,1,4,201,$8.75 
1746,1,11,122,$8.75 
1746,1,15,292,$9.25 
1746,1,8,0,$4.45 
1748,1,19,0,$2.15 
1748,1,6,499,$11.75 
1749,1,6,29,$11.75 
1749,1,33,145,$1.25 
1750,1,14,1017,$11.75 
1751,1,20,10,$11.25 
1751,1,45,181,$9.39 
1752,1,4,1019,$8.75 
1753,1,8,0,$4.45 
1754,1,4,1020,$11.25 
1755,1,4,1021,$8.75 
1755,1,17,0,$2.95 
1756,1,4,1022,$11.25 
1757,1,8,0,$4.45 
1758,1,8,0,$4.45 
1758,1,6,881,$9.25 
1759,1,4,43,$8.75 
1759,1,26,0,$2.95 
1759,1,33,97,$1.25 
1761,1,11,1023,$8.75 
1763,1,8,0,$4.45 
1763,1,33,145,$1.25 
1764,1,0,0,$2.95 
1764,1,19,0,$2.15 
1764,2,21,1026,$23.50 
1765,1,15,283,$11.75 
1766,1,8,0,$4.45 
1766,1,4,59,$11.25 
1770,1,18,93,$11.75 
1770,1,16,0,$1.50 
1772,1,6,982,$11.75 
1773,1,21,175,$11.75 
1774,1,40,1027,$9.25 
1775,1,9,1028,$8.75 
1775,1,11,210,$8.75 
1776,1,19,0,$2.15 
1776,1,11,393,$8.75 
1777,1,8,0,$4.45 
1777,1,21,317,$9.25 
1779,1,33,97,$1.25 
1779,1,26,0,$2.95 
1781,1,16,0,$1.50 
1781,1,21,751,$11.75 
1782,1,23,28,$11.25 
1782,1,19,0,$2.15 
1783,1,10,337,$8.75 
1785,1,33,97,$1.25 
1786,1,4,394,$8.75 
1786,1,14,785,$11.75 
1786,1,4,29,$11.25 
1786,1,4,42,$11.25 
1786,1,18,766,$11.75 
1786,1,14,359,$11.75 
1786,4,8,0,$17.80 
1787,1,11,382,$8.75 
1787,1,17,0,$2.95 
1788,1,19,0,$2.15 
1789,1,4,1029,$11.25 
1790,1,33,13,$1.25 
1791,1,19,0,$2.15 
1792,1,4,553,$11.25 
1792,1,16,0,$1.50 
1795,1,33,13,$1.25 
1796,1,21,1032,$11.75 
1797,1,23,259,$8.75 
1798,1,11,929,$11.25 
1798,1,35,97,$6.49 
1798,1,25,930,$11.75 
1799,1,19,0,$2.15 
1800,1,35,97,$6.49 
1801,1,11,176,$8.75 
1802,1,11,40,$11.25 
1803,1,8,0,$4.45 
1803,1,35,179,$6.49 
1804,1,4,153,$8.75 
1804,1,33,145,$1.25 
1805,1,4,1034,$11.25 
1806,1,16,0,$1.50 
1806,1,16,0,$1.50 
1807,1,6,43,$9.25 
1807,1,34,859,$9.39 
1808,1,8,0,$4.45 
1810,1,25,256,$11.75 
1811,1,11,289,$11.25 
1812,1,11,51,$8.75 
1813,2,20,30,$17.50 
1814,1,15,679,$9.25 
1815,1,33,13,$1.25 
1816,1,11,1038,$8.75 
1817,1,16,0,$1.50 
1817,1,16,0,$1.50 
1817,1,33,97,$1.25 
1818,1,34,303,$9.39 
1818,1,28,30,$8.75 
1820,1,4,553,$11.25 
1820,1,33,145,$1.25 
1821,1,14,946,$9.25 
1822,2,16,0,$3.00 
1824,1,4,59,$11.25 
1824,1,8,0,$4.45 
1826,1,8,0,$4.45 
1826,1,16,0,$1.50 
1827,1,4,26,$8.75 
1827,1,8,0,$4.45 
1827,1,13,247,$9.25 
1828,1,4,153,$8.75 
1828,1,33,145,$1.25 
1829,1,6,687,$11.75 
1829,1,33,13,$1.25 
1830,1,6,904,$11.75 
1831,1,15,132,$9.25 
1831,1,19,0,$2.15 
1831,1,16,0,$1.50 
1833,1,6,276,$11.75 
1833,1,6,904,$11.75 
1834,1,20,303,$8.75 
1834,1,20,30,$8.75 
